{"loss": [1.8126552104949951, 1.3663051128387451, 1.1626251935958862, 1.0748133659362793, 0.9540190100669861, 0.8284324407577515, 0.7213935852050781, 0.5625396966934204, 0.5657318234443665, 0.42879265546798706, 0.4034891426563263, 0.4305103123188019, 0.2295025885105133, 0.14640240371227264, 0.18972693383693695, 0.1444772630929947, 0.11197839677333832, 0.17822682857513428, 0.10246061533689499, 0.1685892939567566, 0.09999998658895493, 0.15105773508548737, 0.1821587234735489, 0.07379962503910065, 0.06257659196853638, 0.1025615707039833, 0.05120600759983063, 0.06071489676833153, 0.04652345925569534, 0.062180206179618835, 0.17093254625797272, 0.08489874005317688, 0.03963415324687958, 0.03215844929218292, 0.031851090490818024, 0.10916619747877121, 0.06725724041461945, 0.041262608021497726, 0.04440068081021309, 0.027665287256240845, 0.033532965928316116, 0.06374487280845642, 0.040682870894670486, 0.03302192687988281, 0.04099613428115845, 0.04421772062778473, 0.05370103195309639, 0.030159689486026764, 0.03045828640460968, 0.03826313465833664, 0.04021491855382919, 0.03939157351851463, 0.03308996185660362, 0.0734817385673523, 0.04955461621284485, 0.07590778917074203, 0.02640402317047119, 0.011767133139073849, 0.010421679355204105, 0.015041152946650982, 0.02018105797469616, 0.01948561705648899, 0.026809150353074074, 0.04438002035021782, 0.02830788865685463, 0.026641367003321648, 0.029962806031107903, 0.01674921065568924, 0.013332618400454521, 0.02840014547109604, 0.032243046909570694, 0.033484239131212234, 0.03003496676683426, 0.06477898359298706, 0.022554418072104454, 0.01674772799015045, 0.012754292227327824, 0.022823946550488472, 0.016241181641817093, 0.01699633151292801, 0.0159489493817091, 0.02012781798839569, 0.017591822892427444, 0.02193998545408249, 0.05574778839945793, 0.03456356003880501, 0.015820009633898735, 0.02447928860783577, 0.03852348402142525, 0.014528576284646988, 0.01380933914333582, 0.012546893209218979, 0.015275686047971249, 0.013595238327980042, 0.0115671306848526, 0.03265204653143883, 0.02328305132687092, 0.025182079523801804, 0.01479861605912447, 0.02782227098941803], "accuracy": [0.3842724561691284, 0.5402104258537292, 0.6109129786491394, 0.6402460932731628, 0.6843794584274292, 0.7202211022377014, 0.7567760348320007, 0.8061697483062744, 0.8085770606994629, 0.8560984134674072, 0.8616262674331665, 0.8548502326011658, 0.9245720505714417, 0.9525677561759949, 0.9380349516868591, 0.9525677561759949, 0.9629992842674255, 0.9392831921577454, 0.9656740427017212, 0.9438302516937256, 0.9663873314857483, 0.9515870213508606, 0.9392831921577454, 0.976640522480011, 0.9796718955039978, 0.9663873314857483, 0.9828816056251526, 0.980117678642273, 0.9851996898651123, 0.9816333651542664, 0.9445434808731079, 0.9711126685142517, 0.9872503280639648, 0.9898359775543213, 0.9904600381851196, 0.9642475247383118, 0.9777995944023132, 0.9863587617874146, 0.9852888584136963, 0.9914407730102539, 0.9883202314376831, 0.9786019921302795, 0.9857346415519714, 0.9901034235954285, 0.9860021471977234, 0.9853780269622803, 0.9837731719017029, 0.9893901348114014, 0.9913516640663147, 0.9879636168479919, 0.9868045449256897, 0.9874286651611328, 0.9883202314376831, 0.9777995944023132, 0.9829707741737366, 0.9759272336959839, 0.9910841584205627, 0.9955421090126038, 0.9971469044685364, 0.9952746033668518, 0.9928673505783081, 0.9939372539520264, 0.9916191101074219, 0.9837731719017029, 0.9905492067337036, 0.9907275438308716, 0.9897468090057373, 0.9952746033668518, 0.995720386505127, 0.9908167123794556, 0.9889443516731262, 0.9895684719085693, 0.9903708696365356, 0.9805634617805481, 0.9912624955177307, 0.9948288202285767, 0.996433675289154, 0.9931347966194153, 0.9942046999931335, 0.9934023022651672, 0.9948288202285767, 0.9936697483062744, 0.9942938685417175, 0.9926890134811401, 0.9833273887634277, 0.9893901348114014, 0.9948288202285767, 0.992421567440033, 0.9885877370834351, 0.9952746033668518, 0.9954529404640198, 0.996522843837738, 0.9951854348182678, 0.995720386505127, 0.9961661696434021, 0.9894793033599854, 0.992421567440033, 0.9914407730102539, 0.9948288202285767, 0.9907275438308716], "val_loss": [4.3274335861206055, 2.6428983211517334, 2.9585912227630615, 1.9843844175338745, 1.8638896942138672, 1.3043843507766724, 1.1951667070388794, 1.4659439325332642, 1.3011059761047363, 2.156862735748291, 2.9531519412994385, 1.1787433624267578, 0.9816970229148865, 1.1429109573364258, 1.2830891609191895, 1.222923994064331, 1.5048060417175293, 1.2011964321136475, 1.414678692817688, 1.240360140800476, 1.2395517826080322, 1.4036046266555786, 1.178599238395691, 1.2610929012298584, 1.4156814813613892, 1.1674481630325317, 1.1261483430862427, 1.2745213508605957, 1.2100613117218018, 1.289783239364624, 1.8148419857025146, 1.2108917236328125, 1.2803864479064941, 1.169571042060852, 1.2848504781723022, 1.2318141460418701, 1.1214455366134644, 1.1853244304656982, 1.26792311668396, 1.1588842868804932, 1.2743475437164307, 1.8607412576675415, 1.2774337530136108, 1.3448989391326904, 1.203554630279541, 1.2556982040405273, 1.2614184617996216, 1.2404505014419556, 1.3635746240615845, 1.3123784065246582, 1.7623704671859741, 1.6891268491744995, 1.2746142148971558, 1.8233100175857544, 1.2533077001571655, 1.2501392364501953, 1.0908451080322266, 1.0409106016159058, 1.084538221359253, 1.2689313888549805, 1.1655919551849365, 1.2958379983901978, 1.5123836994171143, 1.3352165222167969, 1.1829434633255005, 1.3969297409057617, 1.3351022005081177, 1.18238365650177, 1.2631818056106567, 1.3147838115692139, 1.5078643560409546, 1.3050873279571533, 1.2464951276779175, 1.2087047100067139, 1.183261513710022, 1.1501396894454956, 1.1758431196212769, 1.2206159830093384, 1.2302331924438477, 1.1715329885482788, 1.1655882596969604, 1.243848443031311, 1.233290433883667, 1.2227433919906616, 1.3387850522994995, 1.1896791458129883, 1.1397589445114136, 1.5859613418579102, 1.2254718542099, 1.1348270177841187, 1.1328401565551758, 1.1459379196166992, 1.1809180974960327, 1.273817539215088, 1.2160325050354004, 1.557461142539978, 1.2375524044036865, 1.2799428701400757, 1.0992075204849243, 1.2379828691482544],