{"loss": [2.0093109607696533, 1.504442811012268, 1.2586920261383057, 1.134368658065796, 1.0682704448699951, 0.9500089883804321, 0.8750610947608948, 0.8435589671134949, 0.8175482153892517, 0.7528219223022461, 0.6371084451675415, 0.5647678375244141, 0.5162825584411621, 0.505286693572998, 0.4853062033653259, 0.40892478823661804, 0.32610467076301575, 0.3203917443752289, 0.30687180161476135, 0.26656800508499146, 0.2607579827308655, 0.2062194049358368, 0.20480237901210785, 0.24149861931800842, 0.21505875885486603], "accuracy": [0.33630529046058655, 0.4929564893245697, 0.5775677561759949, 0.6201854348182678, 0.6433666348457336, 0.6819722056388855, 0.7112160921096802, 0.7193295359611511, 0.7273537516593933, 0.7483951449394226, 0.7878031134605408, 0.8095577955245972, 0.8258737325668335, 0.8287268280982971, 0.8373751640319824, 0.8632311224937439, 0.8868580460548401, 0.8911376595497131, 0.8962196707725525, 0.9085235595703125, 0.9144971370697021, 0.9301890134811401, 0.9309023022651672, 0.9157453775405884, 0.9268901348114014], "val_loss": [3.556135892868042, 2.2758190631866455, 2.182971715927124, 4.099344730377197, 1.834637999534607, 1.8466393947601318, 1.9133381843566895, 1.2540719509124756, 1.532012939453125, 1.6399487257003784, 1.6795151233673096, 1.7746129035949707, 2.0784823894500732, 1.3737167119979858, 1.3382229804992676, 1.2055127620697021, 1.8229269981384277, 1.399463176727295, 1.4229754209518433, 2.2033307552337646, 1.777492880821228, 2.788912534713745, 1.8349416255950928, 1.9870675802230835, 2.454864025115967], "val_accuracy": [0.12284483015537262, 0.34015804529190063, 0.3825431168079376, 0.18462643027305603, 0.4281609058380127, 0.4673132300376892, 0.44360631704330444, 0.5876436829566956, 0.5280172228813171, 0.5585488677024841, 0.5944684147834778, 0.584770143032074, 0.4676724076271057, 0.6232040524482727, 0.6271551847457886, 0.65625, 0.5955459475517273, 0.641523003578186, 0.6623563170433044, 0.5517241358757019, 0.5876436829566956, 0.5423850417137146, 0.5851293206214905, 0.5474137663841248, 0.5933908224105835]}