{"loss": [2.1898093223571777, 1.9433447122573853, 1.8448874950408936, 1.8018561601638794, 1.774094820022583, 1.7554420232772827, 1.7388943433761597, 1.72764253616333, 1.7138440608978271, 1.7026740312576294, 1.6964811086654663, 1.68284010887146, 1.6798162460327148, 1.666262149810791, 1.6639982461929321, 1.6531254053115845, 1.6412078142166138, 1.6377350091934204, 1.6302145719528198, 1.6221742630004883, 1.618238091468811, 1.6110503673553467, 1.6017873287200928, 1.5934553146362305, 1.585642695426941, 1.5815929174423218, 1.5721114873886108, 1.5671674013137817, 1.5650880336761475, 1.5560510158538818, 1.5518126487731934, 1.5496653318405151, 1.5429269075393677, 1.5334157943725586, 1.5370405912399292, 1.5244529247283936, 1.5236821174621582, 1.524330496788025, 1.5139409303665161, 1.5174700021743774, 1.5110039710998535, 1.503348469734192, 1.5021977424621582, 1.4979432821273804, 1.496252417564392, 1.4904996156692505, 1.4901069402694702, 1.4899232387542725, 1.488669753074646, 1.4848476648330688, 1.481782078742981, 1.47824227809906, 1.4801878929138184, 1.4724432229995728, 1.4720125198364258, 1.4641820192337036, 1.4672881364822388, 1.4633142948150635, 1.459036946296692, 1.4606735706329346, 1.4559881687164307, 1.4542951583862305, 1.4561190605163574, 1.4526822566986084, 1.449815034866333, 1.4471620321273804, 1.4468601942062378, 1.4449074268341064, 1.4468176364898682, 1.444217562675476, 1.4419246912002563, 1.4435063600540161, 1.4400633573532104, 1.4382429122924805, 1.4350413084030151, 1.4376426935195923, 1.4310030937194824, 1.435387134552002, 1.4287911653518677, 1.4258476495742798, 1.4238361120224, 1.4251514673233032, 1.4253653287887573, 1.4201360940933228, 1.4246515035629272, 1.41781485080719, 1.422400951385498, 1.4175546169281006, 1.41532564163208, 1.4155116081237793, 1.4150053262710571, 1.4165493249893188, 1.4134931564331055, 1.4129468202590942, 1.4111894369125366, 1.4050453901290894, 1.40729558467865, 1.4034193754196167, 1.4080201387405396, 1.4043036699295044], "accuracy": [0.21228602528572083, 0.3118758797645569, 0.3468259572982788, 0.35895150899887085, 0.37241441011428833, 0.3814193904399872, 0.38489657640457153, 0.3928316831588745, 0.4025499224662781, 0.40816691517829895, 0.4091476500034332, 0.4177960157394409, 0.42055991291999817, 0.4250178337097168, 0.42528530955314636, 0.4282275438308716, 0.4375, 0.4396398067474365, 0.44088801741600037, 0.445435106754303, 0.4492689073085785, 0.4485556483268738, 0.45203280448913574, 0.45657989382743835, 0.4611269533634186, 0.4611269533634186, 0.4655848741531372, 0.46674394607543945, 0.4694186747074127, 0.46906206011772156, 0.4701319634914398, 0.474857360124588, 0.4757489264011383, 0.47860199213027954, 0.4789586365222931, 0.48252496123313904, 0.48466476798057556, 0.48466476798057556, 0.4842189848423004, 0.48635876178741455, 0.4884985685348511, 0.49099501967430115, 0.492064893245697, 0.48956847190856934, 0.4951854348182678, 0.4946505129337311, 0.49661198258399963, 0.4967902898788452, 0.49964335560798645, 0.49661198258399963, 0.49946504831314087, 0.5006241202354431, 0.49661198258399963, 0.5002674460411072, 0.5003566145896912, 0.507756769657135, 0.5025855898857117, 0.5052603483200073, 0.5095399618148804, 0.5061519145965576, 0.5050820112228394, 0.511233925819397, 0.5111448168754578, 0.5118580460548401, 0.5111448168754578, 0.5128387808799744, 0.5072218179702759, 0.5074893236160278, 0.511233925819397, 0.5145328044891357, 0.5115906000137329, 0.5129279494285583, 0.5136412382125854, 0.515691876411438, 0.51551353931427, 0.5114122629165649, 0.5160484910011292, 0.515602707862854, 0.5137304067611694, 0.5197931528091431, 0.5225570797920227, 0.5174750089645386, 0.519971489906311, 0.519971489906311, 0.5197931528091431, 0.5225570797920227, 0.5230920314788818, 0.5213980078697205, 0.5206847190856934, 0.5230028629302979, 0.523448646068573, 0.5203281044960022, 0.5205064415931702, 0.5252318382263184, 0.5246077179908752, 0.527728259563446, 0.5275499224662781, 0.526836633682251, 0.5261234045028687, 0.52781742811203], "val_loss": [2.029417037963867, 1.8774573802947998, 1.8121858835220337, 1.7989755868911743, 1.755322813987732, 1.7430367469787598, 1.7425142526626587, 1.726292371749878, 1.7026643753051758, 1.7061808109283447, 1.694569706916809, 1.6848781108856201, 1.6713788509368896, 1.6883976459503174, 1.6659854650497437, 1.654834270477295, 1.6452538967132568, 1.6429517269134521, 1.6586393117904663, 1.6440027952194214, 1.6317850351333618, 1.625180959701538, 1.6153669357299805, 1.6070753335952759, 1.6055711507797241, 1.5964425802230835, 1.597700834274292, 1.603420615196228, 1.597204566001892, 1.5837618112564087, 1.5843669176101685, 1.5771982669830322, 1.577402949333191, 1.5861448049545288, 1.5793941020965576, 1.5668435096740723, 1.5753170251846313, 1.5748885869979858, 1.6177781820297241, 1.5811759233474731, 1.5487689971923828, 1.5470579862594604, 1.5562167167663574, 1.567784070968628, 1.5420066118240356, 1.5665391683578491, 1.5714036226272583, 1.532474160194397, 1.540640115737915, 1.5582056045532227, 1.5813263654708862, 1.5500459671020508, 1.5311673879623413, 1.552846074104309, 1.567592740058899, 1.5422226190567017, 1.5412462949752808, 1.5449457168579102, 1.5312325954437256, 1.5675475597381592, 1.5333588123321533, 1.5323351621627808, 1.5152479410171509, 1.5184643268585205, 1.5424968004226685, 1.545152187347412, 1.5311164855957031, 1.5092536211013794, 1.5296918153762817, 1.5273158550262451, 1.532902717590332, 1.5267095565795898, 1.5252405405044556, 1.514054775238037, 1.5167765617370605, 1.5833635330200195, 1.5582298040390015, 1.5415188074111938, 1.508694052696228, 1.5210082530975342, 1.5244907140731812, 1.5142992734909058, 1.5204334259033203, 1.517054796218872, 1.5521056652069092, 1.5198992490768433, 1.500008225440979, 1.5308952331542969, 1.5507582426071167, 1.5067750215530396, 1.511234998703003, 1.508209228515625, 1.5150213241577148, 1.5367836952209473, 1.515885591506958, 1.4943732023239136, 1.4973829984664917, 1.5217442512512207, 1.5204671621322632, 1.5151368379592896],