{"loss": [2.763417959213257, 1.810056447982788, 1.6436835527420044, 1.5245494842529297, 1.3788670301437378, 1.2501112222671509, 1.1078966856002808, 0.9909012317657471, 0.8697071671485901, 0.7267955541610718, 0.5978521108627319, 0.5630470514297485, 0.4889427125453949, 0.40163949131965637, 0.4112917184829712, 0.33697521686553955, 0.3223339021205902, 0.29118648171424866, 0.2982522249221802, 0.2215127944946289, 0.2684532403945923, 0.256534606218338, 0.2727518677711487, 0.2361116111278534, 0.20772109925746918, 0.19497661292552948, 0.23347927629947662, 0.23589864373207092, 0.18578436970710754, 0.21541371941566467, 0.1986406296491623, 0.18655943870544434, 0.15990693867206573, 0.2694913148880005, 0.23604251444339752, 0.16270437836647034, 0.19625824689865112, 0.24453452229499817, 0.22731921076774597, 0.1585015505552292, 0.19086854159832, 0.16942456364631653, 0.19097591936588287, 0.1713392734527588, 0.22185562551021576, 0.11131586134433746, 0.1267409771680832, 0.22178077697753906, 0.22741331160068512, 0.17100287973880768, 0.17050185799598694, 0.21087104082107544, 0.13048817217350006, 0.19649899005889893, 0.1951882541179657], "accuracy": [0.20809558033943176, 0.35030314326286316, 0.41984665393829346, 0.46924036741256714, 0.5222004055976868, 0.5733773112297058, 0.617154061794281, 0.6578102707862854, 0.698823094367981, 0.753566324710846, 0.793420135974884, 0.8125, 0.8415656089782715, 0.8725035786628723, 0.8687589168548584, 0.8952389359474182, 0.898537814617157, 0.910485029220581, 0.9111982583999634, 0.9324179887771606, 0.9194900393486023, 0.9235913157463074, 0.917617678642273, 0.9300998449325562, 0.9406205415725708, 0.9440085887908936, 0.9343794584274292, 0.933131217956543, 0.9462375044822693, 0.9394614696502686, 0.941868782043457, 0.9486448168754578, 0.9551533460617065, 0.9256419539451599, 0.9379457831382751, 0.9559558033943176, 0.9474857449531555, 0.9325962662696838, 0.9375, 0.9547075629234314, 0.9481098651885986, 0.9540834426879883, 0.9503387808799744, 0.9536376595497131, 0.9429386854171753, 0.9699536561965942, 0.9668331146240234, 0.945256769657135, 0.9430277943611145, 0.9552425146102905, 0.9564907550811768, 0.9432953000068665, 0.9637125730514526, 0.9542617797851562, 0.9514978528022766], "val_loss": [1.9536035060882568, 1.889674186706543, 1.5635374784469604, 1.4868483543395996, 1.4384291172027588, 1.5054124593734741, 1.5812180042266846, 1.7418789863586426, 1.748133659362793, 1.8882263898849487, 2.3456637859344482, 2.271392583847046, 2.2106194496154785, 2.266244888305664, 2.45833420753479, 2.5303995609283447, 2.657479763031006, 2.5713963508605957, 2.613929033279419, 3.0687928199768066, 2.8196306228637695, 2.7074856758117676, 2.7926712036132812, 3.063349962234497, 3.202913761138916, 3.166212320327759, 2.7713518142700195, 2.9491183757781982, 3.1376326084136963, 3.5083611011505127, 3.249025583267212, 3.242727756500244, 3.469905376434326, 3.196932792663574, 2.9304792881011963, 3.661123752593994, 3.8216092586517334, 2.8579750061035156, 2.911273717880249, 3.8087306022644043, 3.2924981117248535, 3.8243484497070312, 3.4214766025543213, 3.760920763015747, 3.294891357421875, 3.897442579269409, 4.0242414474487305, 3.3674182891845703, 3.0371363162994385, 3.3785722255706787, 3.522425413131714, 2.909432888031006, 3.4365391731262207, 3.2405147552490234, 3.6341352462768555], "val_accuracy": [0.3045977056026459, 0.32938218116760254, 0.4493534564971924, 0.49317529797554016, 0.5104166865348816, 0.5075430870056152, 0.5201149582862854, 0.4784482717514038, 0.5280172228813171, 0.506465494632721, 0.5093390941619873, 0.5032327771186829, 0.5341235399246216, 0.5545976758003235, 0.5193965435028076, 0.5255028605461121, 0.547773003578186, 0.5466954112052917, 0.5531609058380127, 0.5373563170433044, 0.5391523241996765, 0.5747126340866089, 0.5545976758003235, 0.5276580452919006, 0.5431034564971924, 0.5427442789077759, 0.568965494632721, 0.5520833134651184, 0.5517241358757019, 0.5211925506591797, 0.5660919547080994, 0.5574712753295898, 0.5635775923728943, 0.5743534564971924, 0.5492097735404968, 0.5319684147834778, 0.5276580452919006, 0.547773003578186, 0.539511501789093, 0.5492097735404968, 0.5833333134651184, 0.5344827771186829, 0.5574712753295898, 0.5628591775894165, 0.5754310488700867, 0.5686063170433044, 0.540229856967926, 0.5592672228813171, 0.5416666865348816, 0.5445402264595032, 0.5581896305084229, 0.5409482717514038, 0.5822557210922241, 0.5589080452919006, 0.5287356376647949]}