{"loss": [1.7892597913742065, 1.3770140409469604, 1.161008596420288, 1.0225592851638794, 0.9076790809631348, 0.809575617313385, 0.7291262149810791, 0.5925452709197998, 0.5314333438873291, 0.5280035138130188, 0.35317206382751465, 0.22230765223503113, 0.2667275369167328, 0.2041061818599701, 0.17922188341617584, 0.18277382850646973, 0.09316631406545639, 0.16889940202236176, 0.12408671528100967, 0.07961540669202805, 0.13279153406620026, 0.16397763788700104, 0.11339505016803741, 0.10624125599861145, 0.1169419139623642, 0.06073738634586334, 0.03621070459485054, 0.041592977941036224, 0.06560215353965759, 0.06786637753248215, 0.08283928036689758, 0.041891008615493774, 0.0784895271062851, 0.08571609854698181, 0.05445333570241928, 0.03290330246090889, 0.028606727719306946, 0.07469946146011353, 0.05325800180435181, 0.05149788036942482, 0.039144136011600494, 0.032764509320259094, 0.031508203595876694, 0.040618330240249634, 0.04765594005584717, 0.03472571820020676, 0.024312758818268776, 0.08340015262365341, 0.12245574593544006, 0.03288102149963379], "accuracy": [0.39711126685142517, 0.5341476202011108, 0.6049394011497498, 0.6537981629371643, 0.6957025527954102, 0.726818859577179, 0.7549928426742554, 0.796629786491394, 0.8174037337303162, 0.8199893236160278, 0.8774072527885437, 0.9249286651611328, 0.9093259572982788, 0.934112012386322, 0.9411554932594299, 0.9390156865119934, 0.9710235595703125, 0.9430277943611145, 0.9588088393211365, 0.9752140045166016, 0.9549750089645386, 0.9448109865188599, 0.961126983165741, 0.964514970779419, 0.9623751640319824, 0.980117678642273, 0.9889443516731262, 0.9873394966125488, 0.9783345460891724, 0.9753922820091248, 0.9728958606719971, 0.9852888584136963, 0.9747681617736816, 0.9701319336891174, 0.9827032685279846, 0.9900142550468445, 0.9911733269691467, 0.976373016834259, 0.9818117022514343, 0.9835057258605957, 0.9865370988845825, 0.9893901348114014, 0.9884985685348511, 0.9867154359817505, 0.984218955039978, 0.9888551831245422, 0.9915299415588379, 0.9726284146308899, 0.960681140422821, 0.9891226887702942], "val_loss": [2.71457839012146, 2.1993212699890137, 2.4792540073394775, 1.9761234521865845, 1.32774019241333, 1.4715185165405273, 3.5818607807159424, 1.067305088043213, 2.7395777702331543, 1.9052238464355469, 0.9943138360977173, 1.8234039545059204, 1.9187994003295898, 1.782452940940857, 1.230210304260254, 1.203945279121399, 1.256016492843628, 2.2185471057891846, 1.1891160011291504, 1.5656678676605225, 1.929826259613037, 1.1247671842575073, 1.2478481531143188, 2.029909610748291, 1.3006030321121216, 1.1358511447906494, 1.0953820943832397, 1.3807448148727417, 1.1530334949493408, 2.145026206970215, 1.1437137126922607, 1.1599912643432617, 1.2401231527328491, 1.2302111387252808, 1.6095116138458252, 1.110276460647583, 1.2544503211975098, 1.3136608600616455, 1.4290486574172974, 1.1354758739471436, 1.2295194864273071, 1.2114404439926147, 1.2325599193572998, 1.2539539337158203, 1.4311736822128296, 1.2742308378219604, 1.29169762134552, 1.3582954406738281, 1.3557708263397217, 1.0860942602157593], "val_accuracy": [0.20186781883239746, 0.33728447556495667, 0.320761501789093, 0.48455458879470825, 0.5754310488700867, 0.5470545887947083, 0.21515804529190063, 0.6670258641242981, 0.3038793206214905, 0.4665948152542114, 0.7165948152542114, 0.5646551847457886, 0.5384339094161987, 0.5826149582862854, 0.7165948152542114, 0.7284482717514038, 0.7140804529190063, 0.5502873659133911, 0.7428160905838013, 0.6731321811676025, 0.6558908224105835, 0.7471264600753784, 0.7291666865348816, 0.6181752681732178, 0.7216235399246216, 0.7607758641242981, 0.7740660905838013, 0.7320402264595032, 0.7726293206214905, 0.6267959475517273, 0.7808908224105835, 0.7690373659133911, 0.7571839094161987, 0.7525143623352051, 0.702226996421814, 0.7891523241996765, 0.7683189511299133, 0.7510775923728943, 0.7255747318267822, 0.7869971394538879, 0.7719109058380127, 0.7733476758003235, 0.7733476758003235, 0.7776580452919006, 0.7467672228813171, 0.787715494632721, 0.7737069129943848, 0.7535919547080994, 0.7442528605461121, 0.795258641242981]}