{"0.1_1e-06": {"loss": [2.0135130882263184, 1.6148582696914673, 1.367074966430664, 1.2083109617233276, 1.1287140846252441, 1.0167691707611084, 0.938031017780304, 0.8595275282859802, 0.8264166116714478, 0.7527222037315369, 0.709455132484436, 0.6811385154724121, 0.5901819467544556, 0.6284455060958862, 0.5108754634857178], "accuracy": [0.3603780269622803, 0.4900142550468445, 0.5773894190788269, 0.632667601108551, 0.6645863056182861, 0.7037268280982971, 0.7312767505645752, 0.7661376595497131, 0.777728259563446, 0.808220386505127, 0.82801353931427, 0.8420113921165466, 0.8733951449394226, 0.867243230342865, 0.9115549325942993], "val_loss": [6.951680660247803, 5.406395435333252, 2.359839677810669, 1.6229768991470337, 2.394381046295166, 2.1258857250213623, 1.1262600421905518, 1.1521786451339722, 1.667519211769104, 3.659198522567749, 1.234238862991333, 1.6216684579849243, 2.8458287715911865, 1.547654390335083, 1.7308398485183716], "val_accuracy": [0.12823276221752167, 0.24856321513652802, 0.3570402264595032, 0.5226293206214905, 0.3045977056026459, 0.4489942491054535, 0.6713362336158752, 0.6803160905838013, 0.5969827771186829, 0.2277298867702484, 0.6907327771186829, 0.6411637663841248, 0.417385071516037, 0.6411637663841248, 0.6325430870056152]}, "0.1_0.001": {"loss": [32.90850830078125, 9.49185848236084, 7.761765956878662, 7.1600260734558105, 6.987900257110596, 6.6714558601379395, 6.218960285186768, 6.0708699226379395, 5.845957279205322, 5.543113708496094, 5.27025032043457, 4.790878772735596, 4.4779157638549805, 4.119081497192383, 3.7577028274536133], "accuracy": [0.3009094297885895, 0.3048323690891266, 0.3201676309108734, 0.351551353931427, 0.374910831451416, 0.3990727663040161, 0.4107525050640106, 0.41833096742630005, 0.4344686269760132, 0.4429386556148529, 0.4547075629234314, 0.4646933078765869, 0.4749464988708496, 0.4821683168411255, 0.49028173089027405], "val_loss": [12.306373596191406, 9.562846183776855, 7.887543678283691, 8.134834289550781, 7.134566307067871, 6.751781463623047, 6.428593635559082, 6.235462188720703, 5.974057197570801, 6.1772074699401855, 4.953441619873047, 4.805732250213623, 4.566669464111328, 4.410954475402832, 3.4518165588378906], "val_accuracy": [0.10129310190677643, 0.1659482717514038, 0.17313218116760254, 0.18498563766479492, 0.2489224076271057, 0.37931033968925476, 0.4184626340866089, 0.3020833432674408, 0.320761501789093, 0.1767241358757019, 0.44468390941619873, 0.35739943385124207, 0.37931033968925476, 0.36099138855934143, 0.522988498210907]}, "0.1_1": {"loss": [4410.4423828125, 799.6807861328125, 799.397705078125, 799.1930541992188, 798.9183959960938, 798.7015991210938, 798.4923095703125, 798.306640625, 798.05712890625, 797.9144897460938, 797.7177124023438, 797.5655517578125, 797.4263305664062, 797.2034301757812, 797.0199584960938], "accuracy": [0.10734664648771286, 0.09575606137514114, 0.10030313581228256, 0.09825249761343002, 0.0999465063214302, 0.09629101306200027, 0.0968259647488594, 0.09985734522342682, 0.09950071573257446, 0.09638017416000366, 0.09593437612056732, 0.100035659968853, 0.09878744930028915, 0.09860912710428238, 0.09860912710428238], "val_loss": [800.9002075195312, 798.7531127929688, 799.0026245117188, 798.686767578125, 800.6343383789062, 796.7734985351562, 800.4453125, 796.5343627929688, 797.7739868164062, 797.7930297851562, 799.7696533203125, 795.9290771484375, 799.68408203125, 797.5546264648438, 797.54345703125], "val_accuracy": [0.09446839243173599, 0.09195402264595032, 0.09446839243173599, 0.09446839243173599, 0.09590516984462738, 0.0941091924905777, 0.0933908075094223, 0.0933908075094223, 0.09195402264595032, 0.09482758492231369, 0.0941091924905777, 0.0933908075094223, 0.09267241507768631, 0.09518678486347198, 0.0941091924905777]}, "0.1_1000": {"loss": [4425623.0, 835683.0625, 836010.0, 835740.1875, 835906.1875, 835666.1875, 835942.25, 835647.375, 835837.375, 835548.75, 835887.6875, 835696.375, 835684.5, 835702.75, 835790.125], "accuracy": [0.09976819157600403, 0.101551353931427, 0.09985734522342682, 0.1007489264011383, 0.09958986937999725, 0.09932239353656769, 0.1007489264011383, 0.09825249761343002, 0.09620185196399689, 0.09869828820228577, 0.0961126983165741, 0.09985734522342682, 0.09539943188428879, 0.09825249761343002, 0.10146220028400421], "val_loss": [842967.9375, 861312.9375, 840955.375, 846588.4375, 834632.9375, 843671.8125, 805899.125, 852672.1875, 841351.25, 851767.0625, 822700.9375, 847688.75, 824560.9375, 865533.3125, 808487.75], "val_accuracy": [0.09446839243173599, 0.09446839243173599, 0.09303160756826401, 0.09303160756826401, 0.09590516984462738, 0.09267241507768631, 0.09303160756826401, 0.09375, 0.0933908075094223, 0.09626436978578568, 0.09482758492231369, 0.09446839243173599, 0.0933908075094223, 0.09806034713983536, 0.09554597735404968]}, "0.5_1e-06": {"loss": [2.6927566528320312, 2.089031934738159, 1.7994154691696167, 1.5993481874465942, 1.490755558013916, 1.4082920551300049, 1.3724398612976074, 1.3417036533355713, 1.2639554738998413, 1.2087070941925049, 1.1880347728729248, 1.1524714231491089, 1.1202418804168701, 1.0917935371398926, 1.0864635705947876], "accuracy": [0.22236090898513794, 0.3303316831588745, 0.4243937134742737, 0.4962553381919861, 0.539318859577179, 0.5677603483200073, 0.5814907550811768, 0.5962910056114197, 0.6281205415725708, 0.651836633682251, 0.6594151258468628, 0.6774250864982605, 0.6927603483200073, 0.7038159966468811, 0.7086305022239685], "val_loss": [2.7917232513427734, 3.297006845474243, 3.5805349349975586, 2.0793068408966064, 2.992663860321045, 2.536278486251831, 2.8284616470336914, 4.588430404663086, 3.5653998851776123, 5.034853458404541, 2.7007691860198975, 4.312340259552002, 3.2931151390075684, 2.225391149520874, 2.467353105545044], "val_accuracy": [0.1551724076271057, 0.14367815852165222, 0.11170977354049683, 0.34015804529190063, 0.3243534564971924, 0.3017241358757019, 0.2992097735404968, 0.3344109058380127, 0.43318966031074524, 0.3545258641242981, 0.5269396305084229, 0.41918104887008667, 0.5466954112052917, 0.46587643027305603, 0.43139368295669556]}, "0.5_0.001": {"loss": [46.86992263793945, 16.360761642456055, 11.927526473999023, 10.471497535705566, 9.464519500732422, 8.820507049560547, 8.711591720581055, 8.900430679321289, 9.234747886657715, 9.252340316772461, 9.085105895996094, 9.064946174621582, 8.990935325622559, 8.805563926696777, 8.860115051269531], "accuracy": [0.19588088989257812, 0.20666904747486115, 0.23457559943199158, 0.26997146010398865, 0.31053853034973145, 0.32310983538627625, 0.33006420731544495, 0.336037814617157, 0.3436162769794464, 0.351462185382843, 0.3625178337097168, 0.3649251163005829, 0.36759984493255615, 0.37241441011428833, 0.38008201122283936], "val_loss": [21.24371337890625, 13.011042594909668, 11.423749923706055, 9.925371170043945, 8.949767112731934, 9.435676574707031, 8.548260688781738, 10.110214233398438, 9.772088050842285, 9.555145263671875, 9.364663124084473, 9.764520645141602, 9.270177841186523, 9.678848266601562, 9.209078788757324], "val_accuracy": [0.10272988677024841, 0.11602011322975159, 0.11206896603107452, 0.1867816150188446, 0.1257183849811554, 0.13864941895008087, 0.22449712455272675, 0.16056033968925476, 0.13038793206214905, 0.09985632449388504, 0.21192528307437897, 0.13757184147834778, 0.3142959773540497, 0.2690373659133911, 0.261135071516037]}, "0.5_1": {"loss": [4414.47900390625, 780.4976806640625, 780.3649291992188, 779.7254028320312, 779.1814575195312, 778.6677856445312, 778.0361328125, 777.495361328125, 776.8909301757812, 776.32470703125, 775.5977172851562, 774.8613891601562, 773.931640625, 773.0748291015625, 771.8040161132812], "accuracy": [0.10039229691028595, 0.09664764255285263, 0.0984308123588562, 0.09798502177000046, 0.0969151183962822, 0.10057061165571213, 0.09807418286800385, 0.10279957205057144, 0.09860912710428238, 0.09602353721857071, 0.09424036741256714, 0.09575606137514114, 0.10297788679599762, 0.09967903047800064, 0.10172966867685318],