{"0.1_1e-06": {"loss": [1.8845049142837524, 1.4191398620605469, 1.1999800205230713, 1.0657281875610352, 0.9319291710853577, 0.8212334513664246, 0.8078556060791016, 0.7373327016830444, 0.6443113684654236, 0.58421391248703, 0.42343375086784363, 0.4406968653202057, 0.4027106463909149, 0.3311226963996887, 0.48226818442344666, 0.512714684009552, 0.27819108963012695, 0.20844361186027527, 0.1668512225151062, 0.16400736570358276], "accuracy": [0.37455421686172485, 0.5304030179977417, 0.6025320887565613, 0.6461305022239685, 0.6880349516868591, 0.7240549325942993, 0.7319008708000183, 0.7520506381988525, 0.7884272336959839, 0.8076854348182678, 0.8604671955108643, 0.8553851842880249, 0.8697396516799927, 0.8922967314720154, 0.8539586067199707, 0.8325605988502502, 0.9163694977760315, 0.9393723011016846, 0.952924370765686, 0.9567582011222839], "val_loss": [9.639223098754883, 2.436654567718506, 2.187869071960449, 2.096259117126465, 1.6428054571151733, 1.1557817459106445, 1.3082821369171143, 1.560225248336792, 1.4036085605621338, 2.2145779132843018, 1.1423391103744507, 1.3420003652572632, 1.3802255392074585, 1.4835243225097656, 2.0325300693511963, 1.37626314163208, 1.1125476360321045, 1.1647751331329346, 1.057327389717102, 1.1994112730026245], "val_accuracy": [0.11099138110876083, 0.3135775923728943, 0.3017241358757019, 0.4479166567325592, 0.48419541120529175, 0.6260775923728943, 0.5930315852165222, 0.5079023241996765, 0.5919540524482727, 0.4655172526836395, 0.6688218116760254, 0.6242815852165222, 0.6303879022598267, 0.6181752681732178, 0.4493534564971924, 0.6311063170433044, 0.7295258641242981, 0.7244971394538879, 0.7517959475517273, 0.7381465435028076]}, "0.1_0.001": {"loss": [3.8547914028167725, 2.893998146057129, 2.40435791015625, 2.074784278869629, 1.9369168281555176, 1.8291900157928467, 1.7970311641693115, 1.7982233762741089, 1.7640695571899414, 1.75813627243042, 1.734322428703308, 1.7418544292449951, 1.737918496131897, 1.7072898149490356, 1.6650458574295044, 1.6607880592346191, 1.6336756944656372, 1.6413688659667969, 1.6049705743789673, 1.5868818759918213], "accuracy": [0.38560983538627625, 0.5178316831588745, 0.5698109865188599, 0.6103780269622803, 0.6299037337303162, 0.6438124179840088, 0.6590585112571716, 0.6659236550331116, 0.6810805797576904, 0.6894614696502686, 0.703370213508606, 0.706579864025116, 0.7216476202011108, 0.7239657640457153, 0.7372503280639648, 0.738766074180603, 0.75, 0.7587375044822693, 0.7635520696640015, 0.769882321357727], "val_loss": [5.177618980407715, 3.210132122039795, 3.4871678352355957, 2.2199528217315674, 2.6936166286468506, 2.4762349128723145, 2.9976038932800293, 2.6474883556365967, 2.304847478866577, 2.102536916732788, 2.1127490997314453, 1.9903531074523926, 2.4938440322875977, 2.7747280597686768, 2.1842808723449707, 2.0514302253723145, 1.8969087600708008, 2.3744595050811768, 2.0935404300689697, 2.513608932495117], "val_accuracy": [0.13254310190677643, 0.414511501789093, 0.3631465435028076, 0.5150862336158752, 0.3545258641242981, 0.44109195470809937, 0.26400861144065857, 0.41163793206214905, 0.48275861144065857, 0.5944684147834778, 0.5829741358757019, 0.6228448152542114, 0.4899425208568573, 0.4382183849811554, 0.5549569129943848, 0.6045258641242981, 0.6598419547080994, 0.537715494632721, 0.6153017282485962, 0.5294540524482727]}, "0.1_1": {"loss": [87.4175033569336, 5.695891857147217, 6.409704208374023, 5.828116416931152, 4.938063144683838, 4.323653697967529, 4.2894287109375, 4.1860151290893555, 4.270452499389648, 4.19279146194458, 4.480659008026123, 4.554946422576904, 4.209668159484863, 4.222945690155029, 4.152163505554199, 4.363622188568115, 4.404107570648193, 4.203859329223633, 4.270878791809082, 4.238208293914795], "accuracy": [0.17047075927257538, 0.16931170225143433, 0.1601283848285675, 0.18188302218914032, 0.1890156865119934, 0.20417261123657227, 0.20604494214057922, 0.20916548371315002, 0.20978958904743195, 0.21299928426742554, 0.23564550280570984, 0.2586483657360077, 0.2664943039417267, 0.2649785876274109, 0.28075963258743286, 0.28628745675086975, 0.2882489264011383, 0.2755884528160095, 0.28004637360572815, 0.2919935882091522], "val_loss": [4.841120719909668, 5.210928916931152, 6.5605316162109375, 5.240840911865234, 4.809694766998291, 5.674536228179932, 3.909536838531494, 6.362136363983154, 4.618504524230957, 4.576146125793457, 5.475244045257568, 4.083618640899658, 5.733408451080322, 4.077471733093262, 4.262454986572266, 4.256196975708008, 4.902144908905029, 4.063414573669434, 4.394238471984863, 4.294167518615723], "val_accuracy": [0.11099138110876083, 0.1045258641242981, 0.09841953963041306, 0.10237068682909012, 0.10955459624528885, 0.15481321513652802, 0.19145114719867706, 0.10165230184793472, 0.11673850566148758, 0.1142241358757019, 0.2180316150188446, 0.23706896603107452, 0.1145833358168602, 0.1964798867702484, 0.2575431168079376, 0.19252873957157135, 0.2489224076271057, 0.27693966031074524, 0.23275862634181976, 0.3020833432674408]}, "0.1_1000": {"loss": [68264.2734375, 2.3036646842956543, 2.30389404296875, 2.3110644817352295, 2.4379830360412598, 2.515308141708374, 2.49672269821167, 2.5347952842712402, 2.585017681121826, 2.609220266342163, 2.6663899421691895, 2.7076520919799805, 2.7745609283447266, 2.8332571983337402, 2.916131019592285, 2.997826099395752, 3.0933682918548584, 3.2076284885406494, 3.328324556350708, 3.4633443355560303], "accuracy": [0.11126961559057236, 0.09575606137514114, 0.09736091643571854, 0.09807418286800385, 0.0992332398891449, 0.09860912710428238, 0.10119472444057465, 0.09646932780742645, 0.10039229691028595, 0.10039229691028595, 0.09771754592657089, 0.09967903047800064, 0.10128387808799744, 0.09905492514371872, 0.10048145800828934, 0.10065977275371552, 0.09602353721857071, 0.10030313581228256, 0.09896576404571533, 0.09700427949428558], "val_loss": [2.3044815063476562, 2.3050763607025146, 2.305233955383301, 2.351433515548706, 2.499638795852661, 2.5081684589385986, 2.504460573196411, 2.579984188079834, 2.595025062561035, 2.625706195831299, 2.6899988651275635, 2.727489948272705, 2.812159299850464, 2.868220806121826, 2.9495441913604736, 3.051873207092285, 3.1420481204986572, 3.268632173538208, 3.3903355598449707, 3.53389835357666], "val_accuracy": [0.10201149433851242, 0.09375, 0.09554597735404968, 0.09446839243173599, 0.09446839243173599, 0.09446839243173599, 0.09231321513652802, 0.09446839243173599, 0.09626436978578568, 0.09518678486347198, 0.09231321513652802, 0.09877873212099075, 0.09626436978578568, 0.09554597735404968, 0.09195402264595032, 0.09267241507768631, 0.09662356227636337, 0.09518678486347198, 0.09590516984462738, 0.09662356227636337]}, "0.3_1e-06": {"loss": [2.2609503269195557, 1.7240163087844849, 1.462692141532898, 1.276569128036499, 1.1485036611557007, 1.1356102228164673, 1.0255275964736938, 0.9515647888183594, 0.8887962698936462, 0.8763705492019653, 0.7766679525375366, 0.8385018706321716, 0.756499707698822, 0.6872273683547974, 0.589779794216156, 0.5059064030647278, 0.4948583245277405, 0.48854076862335205, 0.4572013020515442, 0.43173113465309143], "accuracy": [0.26667261123657227, 0.4171718955039978, 0.5087375044822693, 0.5748038291931152, 0.6120720505714417, 0.6220577955245972, 0.6591476202011108, 0.6862517595291138, 0.7055991291999817, 0.7170113921165466, 0.7432239651679993, 0.7212018370628357, 0.7475927472114563, 0.7739835977554321, 0.808131217956543, 0.8348787426948547, 0.840228259563446, 0.8419222831726074, 0.8555634617805481, 0.8618045449256897], "val_loss": [3.0784964561462402, 2.6068379878997803, 4.173713207244873, 2.491583824157715, 2.6537156105041504, 1.2203933000564575, 1.6905205249786377, 1.6650216579437256, 2.262054204940796, 1.8701171875, 1.6973602771759033, 1.8933671712875366, 4.257521629333496, 1.874647855758667, 3.3923914432525635, 2.186276435852051, 2.0406086444854736, 1.8414709568023682, 1.589364767074585, 2.733534336090088],