{"loss": [1.8432848453521729, 1.4084844589233398, 1.1829826831817627, 1.0617543458938599, 0.915166437625885, 0.8290812969207764, 0.6839083433151245, 0.5810069441795349, 0.5714008808135986, 0.509844183921814, 0.3573436141014099, 0.25494059920310974, 0.23799332976341248, 0.14679884910583496, 0.15814028680324554, 0.1226816326379776, 0.20362792909145355, 0.17529569566249847, 0.1321205049753189, 0.07589587569236755, 0.1077197715640068, 0.14033694565296173, 0.1870020478963852, 0.08579037338495255, 0.04933103919029236, 0.0810028538107872, 0.12736760079860687, 0.18592695891857147, 0.20494863390922546, 0.07828934490680695, 0.041445378214120865, 0.03766462951898575, 0.06177993491292, 0.04975691810250282, 0.04820471256971359, 0.2644996643066406, 0.0878906324505806, 0.04348410665988922, 0.030562682077288628, 0.021846653893589973, 0.02305639162659645, 0.029005948454141617, 0.03379262238740921, 0.06534954160451889, 0.07930834591388702, 0.06317334622144699, 0.043696507811546326, 0.08745097368955612, 0.05153144523501396, 0.04305325075984001], "accuracy": [0.37303853034973145, 0.5252318382263184, 0.5987874269485474, 0.6475570797920227, 0.6969507932662964, 0.7247681617736816, 0.7707738876342773, 0.808220386505127, 0.8053673505783081, 0.8248929977416992, 0.8788338303565979, 0.9130706191062927, 0.9179742932319641, 0.9504279494285583, 0.9480206966400146, 0.9599679112434387, 0.9333095550537109, 0.9447218179702759, 0.957471489906311, 0.9769971370697021, 0.9668331146240234, 0.9569365382194519, 0.9396398067474365, 0.973074197769165, 0.9856455326080322, 0.9754814505577087, 0.9586305022239685, 0.9422253966331482, 0.9349144101142883, 0.976729691028595, 0.9894793033599854, 0.9892118573188782, 0.9810092449188232, 0.9850214123725891, 0.9867154359817505, 0.9203816056251526, 0.972985029220581, 0.9881419539451599, 0.992064893245697, 0.9953637719154358, 0.995631217956543, 0.9925998449325562, 0.9913516640663147, 0.9807417988777161, 0.9760164022445679, 0.9808309674263, 0.987874448299408, 0.9726284146308899, 0.9862695932388306, 0.9883202314376831], "val_loss": [8.704795837402344, 1.869564175605774, 4.360839366912842, 2.5158867835998535, 1.7013180255889893, 1.3800197839736938, 2.0846965312957764, 2.010507583618164, 2.4807941913604736, 1.367887258529663, 1.3537302017211914, 1.699865698814392, 1.2605417966842651, 1.291028618812561, 1.3258403539657593, 1.3392385244369507, 1.062652349472046, 1.8712157011032104, 1.0128105878829956, 1.3376511335372925, 1.625372052192688, 3.4465136528015137, 1.2726783752441406, 1.2171578407287598, 1.1321440935134888, 1.31026029586792, 4.436346530914307, 3.7779743671417236, 1.158341884613037, 1.1031359434127808, 1.1892122030258179, 1.107914686203003, 1.486494779586792, 1.1863698959350586, 1.6677882671356201, 2.2417445182800293, 1.2678967714309692, 1.0909961462020874, 1.1731575727462769, 1.115225076675415, 1.1662814617156982, 1.1839677095413208, 1.2793022394180298, 1.6200592517852783, 1.316853404045105, 1.3349835872650146, 1.3750207424163818, 1.4091202020645142, 1.2947041988372803, 1.2682223320007324], "val_accuracy": [0.10129310190677643, 0.4051724076271057, 0.12931033968925476, 0.34770116209983826, 0.46408045291900635, 0.5495689511299133, 0.457614928483963, 0.4597701132297516, 0.383261501789093, 0.5829741358757019, 0.6357758641242981, 0.5423850417137146, 0.6889367699623108, 0.6975574493408203, 0.7007902264595032, 0.710488498210907, 0.7420976758003235, 0.631465494632721, 0.7654454112052917, 0.7130028605461121, 0.662715494632721, 0.38146552443504333, 0.7356321811676025, 0.7370689511299133, 0.7661637663841248, 0.7244971394538879, 0.34770116209983826, 0.34806033968925476, 0.7413793206214905, 0.7614942789077759, 0.7514367699623108, 0.7744252681732178, 0.7173132300376892, 0.7758620977401733, 0.7169540524482727, 0.5420258641242981, 0.7341954112052917, 0.7790948152542114, 0.7629310488700867, 0.7848419547080994, 0.7826867699623108, 0.7787356376647949, 0.7704741358757019, 0.7054597735404968, 0.764726996421814, 0.7611350417137146, 0.7528735399246216, 0.7403017282485962, 0.7535919547080994, 0.764726996421814]}