{"0.1_1e-07": {"loss": [1.901627540588379, 1.4516187906265259, 1.268117904663086, 1.114993691444397, 1.0126023292541504, 0.8810352683067322, 0.8406355381011963, 0.7447293996810913, 0.6400237083435059, 0.6060889959335327, 0.4962362051010132, 0.389332115650177, 0.4726937711238861, 0.38789770007133484, 0.2548019587993622], "accuracy": [0.3679564893245697, 0.5123929977416992, 0.5773894190788269, 0.6317760348320007, 0.6685092449188232, 0.7097895741462708, 0.7227175235748291, 0.7528530955314636, 0.7904778718948364, 0.8008202314376831, 0.8388017416000366, 0.875, 0.8510164022445679, 0.8744650483131409, 0.921718955039978], "val_loss": [3.536163091659546, 2.935368537902832, 2.6234631538391113, 2.9165046215057373, 1.3143481016159058, 2.141191005706787, 2.1231565475463867, 1.3954250812530518, 1.1725369691848755, 1.5503536462783813, 1.2939300537109375, 1.6377549171447754, 1.8395068645477295, 1.090108036994934, 1.6106325387954712], "val_accuracy": [0.15445402264595032, 0.21048851311206818, 0.1993534415960312, 0.24173851311206818, 0.570761501789093, 0.38793104887008667, 0.4278017282485962, 0.5563936829566956, 0.6411637663841248, 0.5405890941619873, 0.618534505367279, 0.5675287246704102, 0.5096982717514038, 0.7201867699623108, 0.6221264600753784]}, "0.1_1e-06": {"loss": [2.0098187923431396, 1.5403059720993042, 1.3325202465057373, 1.2419047355651855, 1.089418649673462, 0.999122679233551, 0.952038586139679, 0.8274214267730713, 0.8605413436889648, 0.7376778721809387, 0.6702250838279724, 0.635567843914032, 0.6595871448516846, 0.4944029748439789, 0.557242214679718], "accuracy": [0.3624286651611328, 0.5176533460617065, 0.5873751640319824, 0.6286554932594299, 0.6806347966194153, 0.7164764404296875, 0.7347539067268372, 0.7786198258399963, 0.7644436359405518, 0.8130349516868591, 0.840228259563446, 0.8579707741737366, 0.855920135974884, 0.9128031134605408, 0.8942582011222839], "val_loss": [3.8571560382843018, 2.537933826446533, 2.8379220962524414, 1.6755094528198242, 1.8051165342330933, 1.576839804649353, 1.1966429948806763, 2.1120848655700684, 1.4391175508499146, 3.0723698139190674, 1.5791950225830078, 1.9034367799758911, 1.3040273189544678, 1.3453805446624756, 6.200576305389404], "val_accuracy": [0.13793103396892548, 0.32938218116760254, 0.32938218116760254, 0.5057471394538879, 0.4278017282485962, 0.5308908224105835, 0.6663074493408203, 0.4048132300376892, 0.5829741358757019, 0.4055316150188446, 0.5901580452919006, 0.4877873659133911, 0.6900143623352051, 0.7090517282485962, 0.20545977354049683]}, "0.1_1e-05": {"loss": [2.908365488052368, 2.3938324451446533, 2.1717216968536377, 2.0038938522338867, 1.900763750076294, 1.8600159883499146, 1.7829766273498535, 1.7419240474700928, 1.7145698070526123, 1.6982542276382446, 1.711921215057373, 1.7834486961364746, 1.781482458114624, 1.7496368885040283, 1.7296502590179443], "accuracy": [0.3607346713542938, 0.5172967314720154, 0.5749821662902832, 0.6253566145896912, 0.6512125730514526, 0.6714515089988708, 0.7035484910011292, 0.7278887033462524, 0.7549037337303162, 0.7797788977622986, 0.7923502326011658, 0.7882489562034607, 0.8215941786766052, 0.8416547775268555, 0.8556526303291321], "val_loss": [4.726647853851318, 2.6628966331481934, 4.973649501800537, 2.1422085762023926, 6.525743007659912, 2.2145192623138428, 3.0703110694885254, 6.100398540496826, 2.385338544845581, 2.472932815551758, 2.1501355171203613, 2.8501007556915283, 2.5954737663269043, 2.3734371662139893, 2.677647113800049], "val_accuracy": [0.16846264898777008, 0.45510056614875793, 0.19001436233520508, 0.5869252681732178, 0.13829022645950317, 0.5729166865348816, 0.3839798867702484, 0.1867816150188446, 0.5675287246704102, 0.5775862336158752, 0.6745689511299133, 0.5215517282485962, 0.6095545887947083, 0.6849856376647949, 0.6278735399246216]}, "0.1_0.0001": {"loss": [9.556356430053711, 5.955085277557373, 4.609949588775635, 3.9059085845947266, 3.609445333480835, 3.3252503871917725, 3.106741428375244, 2.9633352756500244, 2.8629424571990967, 2.7983646392822266, 2.743746042251587, 2.6662681102752686, 2.519359827041626, 2.4608352184295654, 2.3523433208465576], "accuracy": [0.3513730466365814, 0.48564550280570984, 0.5130171179771423, 0.5414586067199707, 0.5499286651611328, 0.5695434808731079, 0.593794584274292, 0.6201854348182678, 0.6358773112297058, 0.6540656089782715, 0.6748394966125488, 0.6853601932525635, 0.6982881426811218, 0.71897292137146, 0.7331490516662598], "val_loss": [9.334711074829102, 5.413780212402344, 5.318575859069824, 5.231910228729248, 5.169277191162109, 3.7494471073150635, 3.4893436431884766, 3.8692212104797363, 3.532069444656372, 3.345945119857788, 3.401280164718628, 3.3271641731262207, 2.7833445072174072, 3.184915781021118, 3.153303384780884], "val_accuracy": [0.10596264153718948, 0.4468390941619873, 0.28807470202445984, 0.25, 0.27729883790016174, 0.4357040226459503, 0.44396552443504333, 0.36027297377586365, 0.3829022943973541, 0.3947557508945465, 0.46300286054611206, 0.45150861144065857, 0.6052442789077759, 0.5653735399246216, 0.4597701132297516]}}