{"loss": [1.79597806930542, 1.3709899187088013, 1.1851485967636108, 1.0495882034301758, 0.9224364161491394, 0.8490417003631592, 0.7806692719459534, 0.6385591626167297, 0.5886702537536621, 0.5506373047828674, 0.5158349275588989, 0.41873082518577576, 0.3494402766227722, 0.29598355293273926, 0.28690576553344727, 0.322864294052124, 0.2289918214082718, 0.22544869780540466, 0.22190365195274353, 0.1958451271057129, 0.19908280670642853, 0.12807311117649078, 0.13515377044677734, 0.11534340679645538, 0.3561428189277649, 0.13379479944705963, 0.10434780269861221, 0.0968816876411438, 0.19396966695785522, 0.13155728578567505, 0.17504872381687164, 0.12106107920408249, 0.11792933940887451, 0.11938700824975967, 0.13542544841766357, 0.11943694949150085, 0.15517975389957428, 0.11693763732910156, 0.10083451867103577, 0.10510941594839096, 0.11112045496702194, 0.12121617048978806, 0.15394186973571777, 0.11334317922592163, 0.11092199385166168, 0.11383760720491409, 0.11477330327033997, 0.14799919724464417, 0.21029645204544067, 0.1162128746509552, 0.11779633909463882, 0.10183343291282654, 0.10485957562923431, 0.10121778398752213, 0.11072691529989243, 0.12113600969314575, 0.13582780957221985, 0.13296197354793549, 0.11511748284101486, 0.11492715030908585, 0.11705676466226578, 0.11923477798700333, 0.1484728455543518, 0.13227219879627228, 0.12556517124176025, 0.12535443902015686, 0.12323997914791107, 0.1275651901960373, 0.13216258585453033, 0.11114561557769775, 0.11822251975536346, 0.12799248099327087, 0.12388280779123306, 0.11999473720788956, 0.12290451675653458, 0.12042028456926346, 0.1202661395072937, 0.12367045879364014, 0.1397196650505066, 0.12939903140068054, 0.12389133125543594, 0.12471206486225128, 0.13630922138690948, 0.13558164238929749, 0.14560970664024353, 0.1345873773097992, 0.12791158258914948, 0.12286638468503952, 0.13175669312477112, 0.13540072739124298, 0.1303720772266388, 0.12296397238969803, 0.18489189445972443, 0.13860401511192322, 0.12561190128326416, 0.12288275361061096, 0.12626153230667114, 0.12470581382513046, 0.12346504628658295, 0.11788269877433777], "accuracy": [0.4033523499965668, 0.5459165573120117, 0.6036019921302795, 0.648359477519989, 0.6939194202423096, 0.7179921269416809, 0.7400142550468445, 0.789229691028595, 0.8054565191268921, 0.8133915662765503, 0.8306882977485657, 0.8621612191200256, 0.8860556483268738, 0.9029957056045532, 0.9089693427085876, 0.8966654539108276, 0.9290299415588379, 0.9309023022651672, 0.9342011213302612, 0.9428495168685913, 0.9403530955314636, 0.9671897292137146, 0.9638017416000366, 0.9743223786354065, 0.9022824764251709, 0.9664764404296875, 0.9797610640525818, 0.9802068471908569, 0.9484664797782898, 0.9691511988639832, 0.957382321357727, 0.9746790528297424, 0.9773537516593933, 0.976373016834259, 0.9704886078834534, 0.9776212573051453, 0.9638908505439758, 0.9786019921302795, 0.9828816056251526, 0.984308123588562, 0.9803851842880249, 0.9783345460891724, 0.9671005606651306, 0.9827032685279846, 0.9836840033531189, 0.9828816056251526, 0.9827924370765686, 0.973163366317749, 0.9558666348457336, 0.9858238101005554, 0.9832382202148438, 0.9895684719085693, 0.987785279750824, 0.9906383752822876, 0.9866262674331665, 0.984575629234314, 0.980117678642273, 0.9820791482925415, 0.9871612191200256, 0.988676905632019, 0.9865370988845825, 0.9864479303359985, 0.9775320887565613, 0.9836840033531189, 0.9856455326080322, 0.9851996898651123, 0.9863587617874146, 0.9851105809211731, 0.9851996898651123, 0.992154061794281, 0.9912624955177307, 0.9871612191200256, 0.9884985685348511, 0.9902817606925964, 0.9900142550468445, 0.9898359775543213, 0.9909058213233948, 0.9899250864982605, 0.9852888584136963, 0.9891226887702942, 0.9899250864982605, 0.9902817606925964, 0.9853780269622803, 0.9879636168479919, 0.984308123588562, 0.9876070022583008, 0.9910841584205627, 0.9929565191268921, 0.9885877370834351, 0.9871612191200256, 0.9909949898719788, 0.9926890134811401, 0.9747681617736816, 0.9883202314376831, 0.9931347966194153, 0.9943830370903015, 0.9927781820297241, 0.9935805797576904, 0.9932239651679993, 0.9950071573257446], "val_loss": [7.493561267852783, 2.257286787033081, 1.7174335718154907, 3.0413267612457275, 1.888386845588684, 1.2716655731201172, 1.4279289245605469, 1.2546988725662231, 1.1670066118240356, 1.3488695621490479, 1.4952166080474854, 1.0649737119674683, 1.5613269805908203, 1.2662502527236938, 2.758484125137329, 1.3582526445388794, 1.2625973224639893, 1.3680260181427002, 1.325647234916687, 1.2186952829360962, 1.1190557479858398, 1.2932302951812744, 1.025710940361023, 1.1771785020828247, 1.8140769004821777, 1.1184015274047852, 1.0206406116485596, 1.2871381044387817, 1.3577899932861328, 1.349679708480835, 1.311241626739502, 1.2339807748794556, 1.5297774076461792, 1.3149454593658447, 1.329845905303955, 1.0876247882843018, 1.2262462377548218, 1.2202601432800293, 1.1960121393203735, 1.4341087341308594, 1.3115731477737427, 1.560336709022522, 1.5506274700164795, 1.1848064661026, 1.1385855674743652, 1.3477977514266968, 1.112462043762207, 2.780851125717163, 1.248375415802002, 1.46846604347229, 1.1221745014190674, 1.0560294389724731, 1.2082748413085938, 1.1826601028442383, 1.2470630407333374, 1.3033488988876343, 1.3552215099334717, 1.252830982208252, 1.1919889450073242, 1.2790751457214355, 1.352445125579834, 1.4104721546173096, 1.2649877071380615, 1.2529131174087524, 1.2688298225402832, 1.3716660737991333, 1.298991084098816, 1.4677664041519165, 1.2348979711532593, 1.2062782049179077, 1.3728196620941162, 1.6168044805526733, 1.2399895191192627, 1.4216210842132568, 1.3323700428009033, 1.4509230852127075, 1.24263334274292, 1.240770936012268, 1.2726588249206543, 1.1827905178070068, 1.3286190032958984, 1.164457082748413, 1.4486231803894043, 1.6502656936645508, 1.185331106185913, 1.283934473991394, 1.1528562307357788, 1.1117160320281982, 1.1943145990371704, 1.230416178703308, 1.3488614559173584, 1.457466721534729, 1.2634100914001465, 1.2622579336166382, 1.1847970485687256, 1.1907150745391846, 1.2198359966278076, 1.2093425989151, 1.1554920673370361, 1.2095506191253662],